Metric,KNN,Content-Based,Hybrid
precision@k,0.1,0.0,0.1
recall@k,0.125,0.0,0.125
f1_score@k,0.11111111111111112,0.0,0.11111111111111112
MAP@k,0.041666666666666664,0.0,0.125
NDCG@k,0.12647135138382856,0.0,0.2529427027676571
diversity,0.0,0.0,0.0
coverage,0.000663129973474801,0.000663129973474801,0.000663129973474801
